{"iter": 1500, "train/loss": 1.2493720054626465, "val/loss": 1.5117709636688232, "lr": 0.0001, "mfu": 3.3256550902222655, "_timestamp": 1715978899.1978157, "_runtime": 285.1460795402527, "_step": 6, "_wandb": {"runtime": 285}}