{"iter": 1500, "train/loss": 1.2492725849151611, "val/loss": 1.508608341217041, "lr": 0.0001, "mfu": 3.301956830762895, "_timestamp": 1715980382.6651614, "_runtime": 284.4672293663025, "_step": 6, "_wandb": {"runtime": 284}}