{"iter": 5000, "train/loss": 1.016809344291687, "val/loss": 1.4885293245315552, "lr": 0.0001, "mfu": 3.4045913468719338, "_timestamp": 1715641927.7693355, "_runtime": 845.6192696094513, "_step": 20, "_wandb": {"runtime": 845}}