{"iter": 5000, "train/loss": 2.1020686626434326, "val/loss": 2.1474478244781494, "lr": 0.0001, "mfu": 0.4559240690361781, "_timestamp": 1715659824.5338438, "_runtime": 241.53424882888794, "_step": 20, "_wandb": {"runtime": 241}}