{"iter": 5000, "train/loss": 1.0678012371063232, "val/loss": 1.497996211051941, "lr": 0.0001, "mfu": 3.4420816980003752, "_timestamp": 1715642847.9179766, "_runtime": 907.085001707077, "_step": 20, "_wandb": {"runtime": 907}}