{"iter": 5000, "train/loss": 1.013992190361023, "val/loss": 1.4810501337051392, "lr": 0.0001, "mfu": 3.4001918387568137, "_timestamp": 1715644547.6918519, "_runtime": 837.8608558177948, "_step": 20, "_wandb": {"runtime": 837}}