{"iter": 1500, "train/loss": 1.2494838237762451, "val/loss": 1.5124688148498535, "lr": 0.0001, "mfu": 3.3269092274686543, "_timestamp": 1715979970.94425, "_runtime": 285.4885821342468, "_step": 6, "_wandb": {"runtime": 285}}