{"iter": 5000, "train/loss": 2.1020936965942383, "val/loss": 2.1474733352661133, "lr": 0.0001, "mfu": 0.3990476417727361, "_timestamp": 1715660078.4440653, "_runtime": 240.79570627212524, "_step": 20, "_wandb": {"runtime": 242}}