{"iter": 5000, "train/loss": 1.016912579536438, "val/loss": 1.4922664165496826, "lr": 0.0001, "mfu": 3.4007865741118746, "_timestamp": 1715638673.9238753, "_runtime": 851.3489134311676, "_step": 20, "_wandb": {"runtime": 851}}