{"iter": 1500, "train/loss": 1.2483352422714233, "val/loss": 1.5128600597381592, "lr": 0.0001, "mfu": 3.3136245336505663, "_timestamp": 1715979668.7342982, "_runtime": 283.5918562412262, "_step": 6, "_wandb": {"runtime": 283}}