{"iter": 5000, "train/loss": 1.015255331993103, "val/loss": 1.4892301559448242, "lr": 0.0001, "mfu": 3.4013402945655247, "_timestamp": 1715641069.778569, "_runtime": 843.1992239952087, "_step": 20, "_wandb": {"runtime": 843}}