{"iter": 5000, "train/loss": 1.3209211826324463, "val/loss": 1.5574113130569458, "lr": 0.0001, "mfu": 2.326033959776878, "_timestamp": 1715639094.134004, "_runtime": 407.19466400146484, "_step": 20, "_wandb": {"runtime": 407}}