{"iter": 1500, "train/loss": 1.2487715482711792, "val/loss": 1.5131278038024902, "lr": 0.0001, "mfu": 3.333438460753195, "_timestamp": 1715979199.4216127, "_runtime": 285.78814482688904, "_step": 6, "_wandb": {"runtime": 285}}