{"iter": 5000, "train/loss": 1.0149741172790527, "val/loss": 1.4802616834640503, "lr": 0.0001, "mfu": 3.399896138860902, "_timestamp": 1715645400.0826454, "_runtime": 839.8242983818054, "_step": 20, "_wandb": {"runtime": 840}}