{"iter": 5000, "train/loss": 2.1020987033843994, "val/loss": 2.1474645137786865, "lr": 0.0001, "mfu": 0.4107304939620813, "_timestamp": 1715659568.4268339, "_runtime": 287.7658748626709, "_step": 20, "_wandb": {"runtime": 287}}