{"iter": 5000, "train/loss": 1.0155051946640015, "val/loss": 1.496659755706787, "lr": 0.0001, "mfu": 3.4261346419724754, "_timestamp": 1715643696.9613867, "_runtime": 836.7979867458344, "_step": 20, "_wandb": {"runtime": 837}}