{"iter": 1500, "train/loss": 1.2518154382705688, "val/loss": 1.5158196687698364, "lr": 0.0001, "mfu": 3.324471703787431, "_timestamp": 1715981118.8520322, "_runtime": 281.617671251297, "_step": 6, "_wandb": {"runtime": 280}}