{"iter": 5000, "train/loss": 1.0147862434387207, "val/loss": 1.4860458374023438, "lr": 0.0001, "mfu": 3.420963306008593, "_timestamp": 1715646255.1445322, "_runtime": 842.9869101047516, "_step": 20, "_wandb": {"runtime": 843}}