{"iter": 5000, "train/loss": 2.102105140686035, "val/loss": 2.1474714279174805, "lr": 0.0001, "mfu": 0.477148140854251, "_timestamp": 1715639365.488248, "_runtime": 259.12418603897095, "_step": 20, "_wandb": {"runtime": 259}}