{"iter": 5000, "train/loss": 1.0150452852249146, "val/loss": 1.4894299507141113, "lr": 0.0001, "mfu": 3.4052941025811427, "_timestamp": 1715640213.387771, "_runtime": 836.979297876358, "_step": 20, "_wandb": {"runtime": 836}}