{"iter": 1500, "train/loss": 1.247902512550354, "val/loss": 1.5158137083053589, "lr": 0.0001, "mfu": 3.333609634043762, "_timestamp": 1715978597.2518842, "_runtime": 320.93308329582214, "_step": 6, "_wandb": {"runtime": 321}}